Theme, Desc, Handaler, Fee, Date_of_Start, Date_of_End, ActiveRemark, InForce, Ended
Borning Anniversary Celebration, Celebrate ¬©Ô∏è„ÄäC√øH≈ëK√¨Y≈≠„ÄãEstablished, CHUI KA CHUN, 0.00, 2-OCT-25, 2-OCT-25, 1day, N, Y
.5-Month Anniversary Celebration, Celebrate our .5-Month anniversary, ALL MEMBERS, 0.00, 17-OCT-25, 18-OCT-25, 2day, N, Y
[RV] Public-Inform Releaseion 1Ô∏è‚É£, Publish [RV]1Ô∏è‚É£, CHUI KA CHUN, 0.00, 25-OCT-25, 25-OCT-25, 1day, N, Y
1Ô∏è‚É£Month Anniversary Celebration, Celebrate our 1Ô∏è‚É£Month Anniversary, ALL MEMBERS, 0.00, 2-NOV-25, 3-NOV-25, 2day, N, Y
[PR]JP Riser CyHoKiYu‚Äîpart2, Publish [PR]üéû part2, CHUI KA CHUN, 0.00, 12-NOV-25, 12-NOV-25, 1day, N, Y
[PR]JP Riser CyHoKiYu‚Äìpart2(Con't), Publish [PR]üéû part2(Con't), CHUI KA CHUN, 0.00, 15-NOV-25, 15-NOV-25, 1day, N, N
[FV]JP Riser CyHoKiYu (Top Half), Publish mix up video for [PR]üéû1Ô∏è‚É£~4Ô∏è‚É£ , CHUI KA CHUN, 0.00, 16-NOV-25, 16-NOV-25, 1day, N, N
1.5 Month Anniversary Celebration, Celebrate 1.5 Month anniversary, ALL MEMBERS, 0.00, 17-NOV-25, 18-NOV-25, 2day, N, N
2Ô∏è‚É£Month Anniversary Celebration, Celebrate 2Ô∏è‚É£Month anniversary, ALL MEMBERS, 0.00, 2-DEC-25, 3-DEC-25, 2day, N, N
2.5-Month Anniversary Celebration, Celebrate 2.5-Month anniversary, ALL MEMBERS, 0.00, 17-DEC-25, 18-DEC-25, 2day, N, N
Maintain & Update Schedule, Updating & Release the new schedule, CHUI KA CHUN, 0.00, 30-DEC-25, 30-DEC-25, 1day, N, N
